{"aeroplane": [1.0, 1.0, 0.5, 1.0, 1.0, 1.0, 1.0, 1.0, 1.0, 0.5], "bicycle": [0.5, 1.0, 0.5, 1.0, 0.5, 1.0, 0.5, 0.5, 0.0, 0.5, 0.5], "bird": [1.0, 0.3333333432674408, 0.0, 1.0, 1.0], "boat": [0.5, 1.0, 1.0, 0.5, 0.5, 0.0], "bottle": [0.5, 1.0, 1.0, 0.5, 1.0, 1.0, 0.5, 0.5], "bus": [0.0, 0.5, 0.0, 0.5], "car": [0.6666666865348816, 1.0], "cat": [1.0, 0.5, 0.5, 0.5, 0.5, 0.5], "chair": [0.0, 0.5, 0.5, 0.5, 1.0, 0.5, 0.5, 0.5], "cow": [0.5, 0.5, 1.0, 0.5, 0.0, 1.0, 1.0, 1.0, 0.0, 0.5], "diningtable": [1.0, 0.5, 0.0, 0.5, 0.5, 0.0], "dog": [1.0, 0.5, 0.5, 0.5, 0.0, 0.5], "horse": [0.5, 0.5, 0.0, 0.0, 0.5], "motorbike": [0.5, 0.0, 0.5, 0.0, 0.5, 0.5], "person": [0.5, 1.0, 0.5, 1.0, 1.0, 1.0, 0.5, 0.5, 0.5, 0.5, 0.5, 0.5, 0.5, 0.5, 0.5], "pottedplant": [0.3333333432674408, 0.6666666865348816, 1.0, 0.3333333432674408, 1.0], "sheep": [0.5, 0.5, 1.0, 0.0, 0.0, 0.5], "sofa": [1.0, 1.0, 0.5, 0.5, 0.5, 0.5, 0.5], "train": [1.0, 0.5, 0.5], "tvmonitor": [0.0, 0.5, 0.5, 0.0]}